{
  "cam_K": {
    "rows": 3,
    "cols": 3,
    "data": [
      [1230.1440959825889, 0.0, 978.8285075011214],
      [0.0, 1230.6304235898162, 605.7940335714893],
      [0.000000, 0.000000   , 1.000000  ]
    ]
  },
  "cam_dist": {
    "cols": 5,
    "data": [-0.237519, 0.084522, -0.000353, -0.000376, 0.000000]
  },
  "T_lidar_to_cam":{
    "rows": 4,
    "cols": 4,
    "data": [[ 0.62707208, -0.77887383, -0.0116692 ,  0.63835046],
       [-0.10590946, -0.07040732, -0.99188003, -0.67206479],
       [ 0.7717278 ,  0.62321615, -0.12664056, -1.06795501],
       [ 0        ,  0        ,  0        ,  1        ]]
  },
  "img_folder": "selected",
  "mask_folder": "processed_masks",
  "pc_folder": "../pc",
  "img_prefix": "fl",
  "img_format": ".png",
  "pc_prefix": "ouster",
  "pc_format": ".pcd",
  "file_name": [
    "b9",
    "33",
    "37",
    "38"
  ],
  "params": {
    "min_plane_point_num": 2000,
    "cluster_tolerance": 0.25,
    "search_num": 4000,
    "search_range": {
      "rot_deg": 5,
      "trans_m": 0.5
    },
    "point_range":{
      "top": 0.4,
      "bottom": 1.0
    },
    "down_sample":{
      "is_valid": true,
      "voxel_m": 0.05
    },
    "thread": {
      "is_multi_thread": true,
      "num_thread": 4
    }
  }
}
