{
  "cam_K": {
    "rows": 3,
    "cols": 3,
    "data": [
      [1230.1440959825889, 0.0, 978.8285075011214],
      [0.0, 1230.6304235898162, 605.7940335714893],
      [0.000000, 0.000000   , 1.000000  ]
    ]
  },
  "cam_dist": {
    "cols": 5,
    "data": [-0.237519, 0.084522, -0.000353, -0.000376, 0.000000]
  },
  "T_lidar_to_cam":{
    "rows": 4,
    "cols": 4,
    "data": [[ 0.72 , -0.694,  0.014,  0.12 ],
       [-0.166, -0.191, -0.967,  0.09 ],
       [ 0.673,  0.694, -0.253, -1.17 ],
       [ 0   ,  0   ,  0   ,  1   ]]
  },
  "img_folder": "images",
  "mask_folder": "processed_masks",
  "pc_folder": "../pc",
  "img_format": ".png",
  "pc_format": ".pcd",
  "file_name": [
    "000000",
    "000001",
    "000002",
    "000003",
    "000004",
    "000005",
    "000006",
    "000007",
    "000008"
  ],
  "params": {
    "min_plane_point_num": 2000,
    "cluster_tolerance": 0.25,
    "search_num": 4000,
    "search_range": {
      "rot_deg": 5,
      "trans_m": 0.5
    },
    "point_range":{
      "top": 0.4,
      "bottom": 1.0
    },
    "down_sample":{
      "is_valid": true,
      "voxel_m": 0.05
    },
    "thread": {
      "is_multi_thread": true,
      "num_thread": 4
    }
  }
}
