{
    "fx": 684.8333129882812,
    "fy": 684.6096801757812,
    "cx": 573.37109375,
    "cy": 363.700927734375
  }
  