{"type": "Roadgraph", "data": {"frame": 0, "curves": {}, "lanes": {"0": {"type": 0, "surface": 0, "route_name": "", "left": {"type": 0, "segments": [[[-88.236129, 40.09275451039261, 0.0], [-88.235527, 40.09275451039261, 0.0]]], "crossable": true, "elevation": null, "height": null}, "right": {"type": 0, "segments": [[[-88.236129, 40.092727489607384, 0.0], [-88.235527, 40.092727489607384, 0.0]]], "crossable": true, "elevation": null, "height": null}, "center": null, "begin": null, "end": null}, "1": {"type": 0, "surface": 0, "route_name": "", "left": {"type": 0, "segments": [[[-88.235527, 40.09275451039261, 0.0], [-88.235527, 40.092805489607386, 0.0]]], "crossable": true, "elevation": null, "height": null}, "right": {"type": 0, "segments": [[[-88.235527, 40.09272748960739, 0.0], [-88.235527, 40.092832510392604, 0.0]]], "crossable": true, "elevation": null, "height": null}, "center": null, "begin": null, "end": null}, "2": {"type": 0, "surface": 0, "route_name": "", "left": {"type": 0, "segments": [[[-88.235527, 40.092805489607386, 0.0], [-88.236129, 40.092805489607386, 0.0]]], "crossable": true, "elevation": null, "height": null}, "right": {"type": 0, "segments": [[[-88.235527, 40.09283251039261, 0.0], [-88.236129, 40.09283251039261, 0.0]]], "crossable": true, "elevation": null, "height": null}, "center": null, "begin": null, "end": null}, "4": {"type": 0, "surface": 0, "route_name": "", "left": {"type": 0, "segments": [[[-88.236129, 40.092805489607386, 0.0], [-88.236129, 40.09275451039261, 0.0]]], "crossable": true, "elevation": null, "height": null}, "right": {"type": 0, "segments": [[[-88.236129, 40.092832510392604, 0.0], [-88.236129, 40.09272748960739, 0.0]]], "crossable": true, "elevation": null, "height": null}, "center": null, "begin": null, "end": null}}, "regions": {}, "signs": {}, "static_obstacles": {}, "connections": []}}