{"type": "Roadgraph", "data": {"frame": 3, "curves": {}, "lanes": {"0": {"type": 0, "surface": 0, "route_name": "", "left": {"type": 0, "segments": [[[0.0, 1.5, 0.0], [0.4, 1.5, 0.0], [0.8, 1.5, 0.0], [1.2, 1.5, 0.0], [1.6, 1.5, 0.0], [2.0, 1.5, 0.0], [2.4, 1.5, 0.0], [2.8000000000000003, 1.5, 0.0], [3.2, 1.5, 0.0], [3.5999999999999996, 1.5, 0.0], [4.0, 1.5, 0.0], [4.4, 1.5, 0.0], [4.8, 1.5, 0.0], [5.2, 1.5, 0.0], [5.6000000000000005, 1.5, 0.0], [6.0, 1.5, 0.0], [6.4, 1.5, 0.0], [6.800000000000001, 1.5, 0.0], [7.199999999999999, 1.5, 0.0], [7.6, 1.5, 0.0], [8.0, 1.5, 0.0], [8.4, 1.5, 0.0], [8.8, 1.5, 0.0], [9.200000000000001, 1.5, 0.0], [9.6, 1.5, 0.0], [10.0, 1.5, 0.0], [10.4, 1.5, 0.0], [10.8, 1.5, 0.0], [11.200000000000001, 1.5, 0.0], [11.6, 1.5, 0.0], [12.0, 1.5, 0.0], [12.4, 1.5, 0.0], [12.8, 1.5, 0.0], [13.200000000000001, 1.5, 0.0], [13.600000000000001, 1.5, 0.0], [14.0, 1.5, 0.0], [14.399999999999999, 1.5, 0.0], [14.8, 1.5, 0.0], [15.2, 1.5, 0.0], [15.600000000000001, 1.5, 0.0], [16.0, 1.5, 0.0], [16.4, 1.5, 0.0], [16.8, 1.5, 0.0], [17.2, 1.5, 0.0], [17.6, 1.5, 0.0], [18.0, 1.5, 0.0], [18.400000000000002, 1.5, 0.0], [18.799999999999997, 1.5, 0.0], [19.2, 1.5, 0.0], [19.6, 1.5, 0.0], [20.0, 1.5, 0.0]]], "crossable": true, "elevation": null, "height": null}, "right": {"type": 0, "segments": [[[0.0, -1.5, 0.0], [0.4, -1.5, 0.0], [0.8, -1.5, 0.0], [1.2, -1.5, 0.0], [1.6, -1.5, 0.0], [2.0, -1.5, 0.0], [2.4, -1.5, 0.0], [2.8000000000000003, -1.5, 0.0], [3.2, -1.5, 0.0], [3.5999999999999996, -1.5, 0.0], [4.0, -1.5, 0.0], [4.4, -1.5, 0.0], [4.8, -1.5, 0.0], [5.2, -1.5, 0.0], [5.6000000000000005, -1.5, 0.0], [6.0, -1.5, 0.0], [6.4, -1.5, 0.0], [6.800000000000001, -1.5, 0.0], [7.199999999999999, -1.5, 0.0], [7.6, -1.5, 0.0], [8.0, -1.5, 0.0], [8.4, -1.5, 0.0], [8.8, -1.5, 0.0], [9.200000000000001, -1.5, 0.0], [9.6, -1.5, 0.0], [10.0, -1.5, 0.0], [10.4, -1.5, 0.0], [10.8, -1.5, 0.0], [11.200000000000001, -1.5, 0.0], [11.6, -1.5, 0.0], [12.0, -1.5, 0.0], [12.4, -1.5, 0.0], [12.8, -1.5, 0.0], [13.200000000000001, -1.5, 0.0], [13.600000000000001, -1.5, 0.0], [14.0, -1.5, 0.0], [14.399999999999999, -1.5, 0.0], [14.8, -1.5, 0.0], [15.2, -1.5, 0.0], [15.600000000000001, -1.5, 0.0], [16.0, -1.5, 0.0], [16.4, -1.5, 0.0], [16.8, -1.5, 0.0], [17.2, -1.5, 0.0], [17.6, -1.5, 0.0], [18.0, -1.5, 0.0], [18.400000000000002, -1.5, 0.0], [18.799999999999997, -1.5, 0.0], [19.2, -1.5, 0.0], [19.6, -1.5, 0.0], [20.0, -1.5, 0.0]]], "crossable": true, "elevation": null, "height": null}, "center": null, "begin": null, "end": null}, "1": {"type": 0, "surface": 0, "route_name": "", "left": {"type": 0, "segments": [[[20.0, 1.5, 0.0], [20.392068561318244, 1.5192610933112127, 0.0], [20.780361288064512, 1.5768588783870783, 0.0], [21.161138709017848, 1.6722386570711643, 0.0], [21.53073372946036, 1.804481869954853, 0.0], [21.88558694730399, 1.9723149426065802, 0.0], [22.22228093207841, 2.174121550789819, 0.0], [22.537573136654583, 2.407958186549052, 0.0], [22.82842712474619, 2.67157287525381, 0.0], [23.092041813450948, 2.962426863345418, 0.0], [23.32587844921018, 3.2777190679215913, 0.0], [23.52768505739342, 3.614413052696009, 0.0], [23.695518130045148, 3.9692662705396407, 0.0], [23.827761342928834, 4.338861290982151, 0.0], [23.92314112161292, 4.719638711935487, 0.0], [23.98073890668879, 5.107931438681757, 0.0], [24.0, 5.5, 0.0], [23.98073890668879, 5.892068561318243, 0.0], [23.92314112161292, 6.280361288064513, 0.0], [23.827761342928834, 6.661138709017849, 0.0], [23.695518130045148, 7.030733729460359, 0.0], [23.52768505739342, 7.385586947303991, 0.0], [23.32587844921018, 7.722280932078409, 0.0], [23.092041813450948, 8.037573136654581, 0.0], [22.82842712474619, 8.32842712474619, 0.0], [22.537573136654583, 8.592041813450948, 0.0], [22.22228093207841, 8.825878449210181, 0.0], [21.88558694730399, 9.02768505739342, 0.0], [21.53073372946036, 9.195518130045148, 0.0], [21.161138709017848, 9.327761342928836, 0.0], [20.780361288064515, 9.423141121612922, 0.0], [20.392068561318244, 9.480738906688787, 0.0], [20.0, 9.5, 0.0]]], "crossable": true, "elevation": null, "height": null}, "right": {"type": 0, "segments": [[[20.0, -1.5, 0.0], [20.399621676039377, -1.4885837274829496, 0.0], [20.797939869233783, -1.4543721474398517, 0.0], [21.19365534842837, -1.3974768509338507, 0.0], [21.58547737198035, -1.3180834185963342, 0.0], [21.972127897890008, -1.2164508153014815, 0.0], [22.35234575250801, -1.0929105454766734, 0.0], [22.724890744221742, -0.947865571803951, 0.0], [23.08854770870255, -0.7817890008395088, 0.0], [23.442130472519228, -0.5952225398384403, 0.0], [23.784485722189185, -0.3887747298182678, 0.0], [24.11449676604731, -0.16311896062463216, 0.0], [24.431087176662093, 0.08100872552642358, 0.0], [24.733224301918135, 0.3428120348651653, 0.0], [25.019922633312746, 0.6214370194129462, 0.0], [25.290247020479807, 0.9159748623830044, 0.0], [25.543315721455926, 1.2254648425519337, 0.0], [25.77830327873942, 1.5488974679326155, 0.0], [25.994443211761123, 1.885217768527267, 0.0], [26.1910305169847, 2.233328737420284, 0.0], [26.367423967481628, 2.5920949089867955, 0.0], [26.523048204480165, 2.9603460625455122, 0.0], [26.657395614066075, 3.3368810393753683, 0.0], [26.7700279829137, 3.7204716606455905, 0.0], [26.860577927646755, 4.109866733479782, 0.0], [26.928750093166528, 4.503796132087003, 0.0], [26.97432211603884, 4.900974940648122, 0.0], [26.997145349797325, 5.300107644444125, 0.0], [26.997145349797325, 5.699892355555873, 0.0], [26.97432211603884, 6.099025059351877, 0.0], [26.928750093166528, 6.496203867912995, 0.0], [26.860577927646755, 6.890133266520217, 0.0], [26.7700279829137, 7.279528339354408, 0.0], [26.657395614066075, 7.663118960624631, 0.0], [26.52304820448017, 8.039653937454485, 0.0], [26.367423967481628, 8.407905091013205, 0.0], [26.1910305169847, 8.766671262579717, 0.0], [25.994443211761123, 9.114782231472732, 0.0], [25.77830327873942, 9.451102532067384, 0.0], [25.543315721455926, 9.774535157448065, 0.0], [25.290247020479807, 10.084025137616996, 0.0], [25.019922633312746, 10.378562980587052, 0.0], [24.73322430191814, 10.657187965134833, 0.0], [24.431087176662096, 10.918991274473576, 0.0], [24.11449676604731, 11.163118960624633, 0.0], [23.784485722189185, 11.388774729818268, 0.0], [23.442130472519228, 11.595222539838439, 0.0], [23.088547708702553, 11.781789000839508, 0.0], [22.724890744221742, 11.947865571803952, 0.0], [22.35234575250801, 12.092910545476673, 0.0], [21.97212789789001, 12.216450815301481, 0.0], [21.58547737198035, 12.318083418596334, 0.0], [21.19365534842837, 12.39747685093385, 0.0], [20.797939869233787, 12.454372147439852, 0.0], [20.399621676039377, 12.48858372748295, 0.0], [20.0, 12.5, 0.0]]], "crossable": true, "elevation": null, "height": null}, "center": null, "begin": null, "end": null}, "2": {"type": 0, "surface": 0, "route_name": "", "left": {"type": 0,