{"type": "Roadgraph", "data": {"frame": 2, "curves": {}, "lanes": {"0": {"type": 0, "surface": 0, "route_name": "", "left": {"type": 0, "segments": [[[0.0, 1.0, 0.0], [0.4, 1.0, 0.0], [0.8, 1.0, 0.0], [1.2, 1.0, 0.0], [1.6, 1.0, 0.0], [2.0, 1.0, 0.0], [2.4, 1.0, 0.0], [2.8000000000000003, 1.0, 0.0], [3.2, 1.0, 0.0], [3.5999999999999996, 1.0, 0.0], [4.0, 1.0, 0.0], [4.4, 1.0, 0.0], [4.8, 1.0, 0.0], [5.2, 1.0, 0.0], [5.6000000000000005, 1.0, 0.0], [6.0, 1.0, 0.0], [6.4, 1.0, 0.0], [6.800000000000001, 1.0, 0.0], [7.199999999999999, 1.0, 0.0], [7.6, 1.0, 0.0], [8.0, 1.0, 0.0], [8.4, 1.0, 0.0], [8.8, 1.0, 0.0], [9.200000000000001, 1.0, 0.0], [9.6, 1.0, 0.0], [10.0, 1.0, 0.0], [10.4, 1.0, 0.0], [10.8, 1.0, 0.0], [11.200000000000001, 1.0, 0.0], [11.6, 1.0, 0.0], [12.0, 1.0, 0.0], [12.4, 1.0, 0.0], [12.8, 1.0, 0.0], [13.200000000000001, 1.0, 0.0], [13.600000000000001, 1.0, 0.0], [14.0, 1.0, 0.0], [14.399999999999999, 1.0, 0.0], [14.8, 1.0, 0.0], [15.2, 1.0, 0.0], [15.600000000000001, 1.0, 0.0], [16.0, 1.0, 0.0], [16.4, 1.0, 0.0], [16.8, 1.0, 0.0], [17.2, 1.0, 0.0], [17.6, 1.0, 0.0], [18.0, 1.0, 0.0], [18.400000000000002, 1.0, 0.0], [18.799999999999997, 1.0, 0.0], [19.2, 1.0, 0.0], [19.6, 1.0, 0.0], [20.0, 1.0, 0.0]]], "crossable": true, "elevation": null, "height": null}, "right": {"type": 0, "segments": [[[0.0, -1.0, 0.0], [0.4, -1.0, 0.0], [0.8, -1.0, 0.0], [1.2, -1.0, 0.0], [1.6, -1.0, 0.0], [2.0, -1.0, 0.0], [2.4, -1.0, 0.0], [2.8000000000000003, -1.0, 0.0], [3.2, -1.0, 0.0], [3.5999999999999996, -1.0, 0.0], [4.0, -1.0, 0.0], [4.4, -1.0, 0.0], [4.8, -1.0, 0.0], [5.2, -1.0, 0.0], [5.6000000000000005, -1.0, 0.0], [6.0, -1.0, 0.0], [6.4, -1.0, 0.0], [6.800000000000001, -1.0, 0.0], [7.199999999999999, -1.0, 0.0], [7.6, -1.0, 0.0], [8.0, -1.0, 0.0], [8.4, -1.0, 0.0], [8.8, -1.0, 0.0], [9.200000000000001, -1.0, 0.0], [9.6, -1.0, 0.0], [10.0, -1.0, 0.0], [10.4, -1.0, 0.0], [10.8, -1.0, 0.0], [11.200000000000001, -1.0, 0.0], [11.6, -1.0, 0.0], [12.0, -1.0, 0.0], [12.4, -1.0, 0.0], [12.8, -1.0, 0.0], [13.200000000000001, -1.0, 0.0], [13.600000000000001, -1.0, 0.0], [14.0, -1.0, 0.0], [14.399999999999999, -1.0, 0.0], [14.8, -1.0, 0.0], [15.2, -1.0, 0.0], [15.600000000000001, -1.0, 0.0], [16.0, -1.0, 0.0], [16.4, -1.0, 0.0], [16.8, -1.0, 0.0], [17.2, -1.0, 0.0], [17.6, -1.0, 0.0], [18.0, -1.0, 0.0], [18.400000000000002, -1.0, 0.0], [18.799999999999997, -1.0, 0.0], [19.2, -1.0, 0.0], [19.6, -1.0, 0.0], [20.0, -1.0, 0.0]]], "crossable": true, "elevation": null, "height": null}, "center": null, "begin": null, "end": null}, "1": {"type": 0, "surface": 0, "route_name": "", "left": {"type": 0, "segments": [[[20.0, 1.0, 0.0], [20.392068561318244, 1.0192610933112127, 0.0], [20.780361288064512, 1.0768588783870783, 0.0], [21.161138709017848, 1.1722386570711643, 0.0], [21.53073372946036, 1.304481869954853, 0.0], [21.88558694730399, 1.4723149426065802, 0.0], [22.22228093207841, 1.674121550789819, 0.0], [22.537573136654583, 1.907958186549052, 0.0], [22.82842712474619, 2.17157287525381, 0.0], [23.092041813450948, 2.462426863345418, 0.0], [23.32587844921018, 2.7777190679215913, 0.0], [23.52768505739342, 3.114413052696009, 0.0], [23.695518130045148, 3.4692662705396407, 0.0], [23.827761342928834, 3.838861290982151, 0.0], [23.92314112161292, 4.219638711935487, 0.0], [23.98073890668879, 4.607931438681757, 0.0], [24.0, 5.0, 0.0], [23.98073890668879, 5.392068561318243, 0.0], [23.92314112161292, 5.780361288064513, 0.0], [23.827761342928834, 6.161138709017849, 0.0], [23.695518130045148, 6.530733729460359, 0.0], [23.52768505739342, 6.885586947303991, 0.0], [23.32587844921018, 7.222280932078409, 0.0], [23.092041813450948, 7.537573136654581, 0.0], [22.82842712474619, 7.82842712474619, 0.0], [22.537573136654583, 8.092041813450948, 0.0], [22.22228093207841, 8.325878449210181, 0.0], [21.88558694730399, 8.52768505739342, 0.0], [21.53073372946036, 8.695518130045148, 0.0], [21.161138709017848, 8.827761342928836, 0.0], [20.780361288064515, 8.923141121612922, 0.0], [20.392068561318244, 8.980738906688787, 0.0], [20.0, 9.0, 0.0]]], "crossable": true, "elevation": null, "height": null}, "right": {"type": 0, "segments": [[[20.0, -1.0, 0.0], [20.392418775380857, -0.9871535394316204, 0.0], [20.78315715332031, -0.9486691682428621, 0.0], [21.17054193209677, -0.8847116824193826, 0.0], [21.552914270615126, -0.7955549577344101, 0.0], [21.92863679181897, -0.6815807769706339, 0.0], [22.296100594190538, -0.54327719506772, 0.0], [22.65373214131401, -0.3812364491961304, 0.0], [23.0, -0.19615242270663202, 0.0], [23.333421398117615, 0.011182326184728808, 0.0], [23.652568574052324, 0.23987995825258857, 0.0], [23.956074890600412, 0.4889611551261357, 0.0], [24.242640687119284, 0.7573593128807152, 0.0], [24.511038844873866, 1.043925109399586, 0.0], [24.760120041747413, 1.347431425947676, 0.0], [24.98881767381527, 1.666578601882386, 0.0], [25.196152422706632, 2.0, 0.0], [25.38123644919613, 2.3462678586859917, 0.0], [25.54327719506772, 2.7038994058094614, 0.0], [25.681580776970634, 3.07136320818103, 0.0], [25.79555495773441, 3.4470857293848747, 0.0], [25.884711682419383, 3.8294580679032304, 0.0], [25.948669168242862, 4.21684284667969, 0.0], [25.98715353943162, 4.607581224619141, 0.0], [26.0, 5.0, 0.0], [25.98715353943162, 5.392418775380858, 0.0], [25.948669168242862, 5.7831571533203086, 0.0], [25.884711682419383, 6.170541932096768, 0.0], [25.79555495773441, 6.552914270615124, 0.0], [25.681580776970634, 6.928636791818969, 0.0], [25.54327719506772, 7.296100594190538, 0.0], [25.38123644919613, 7.653732141314007, 0.0], [25.196152422706632, 7.999999999999999, 0.0], [24.988817673815273, 8.333421398117611, 0.0], [24.760120041747413, 8.652568574052323, 0.0], [24.511038844873866, 8.956074890600412, 0.0], [24.242640687119284, 9.242640687119284, 0.0], [23.956074890600412, 9.511038844873863, 0.0], [23.652568574052324, 9.76012004174741, 0.0], [23.333421398117615, 9.988817673815271, 0.0], [23.0, 10.196152422706632, 0.0], [22.65373214131401, 10.381236449196129, 0.0], [22.296100594190538, 10.54327719506772, 0.0], [21.92863679181897, 10.681580776970634, 0.0], [21.552914270615126, 10.79555495773441, 0.0], [21.17054193209677, 10.884711682419383, 0.0], [20.78315715332031, 10.948669168242862, 0.0], [20.39241877538086, 10.98715353943162, 0.0], [20.0, 11.0, 0.0]]], "crossable": true, "elevation": null, "height": null}, "center": null, "begin": null, "end": null}, "2": {"type": 0, "surface": 0, "route_name": "", "left": {"type": 0, "segments": [[[20.0, 9.0, 0.0], [19.6, 9.0, 0.0], [19.2, 9.0, 0.0], [18.8, 9.0, 0.0], [18.4, 9.0, 0.0], [18.0, 9.0, 0.0], [17.6, 9.0, 0.0], [17.2, 9.0, 0.0], [16.8, 9.0, 0.0], [16.4, 9.0, 0.0], [16.0, 9.0, 0.0], [15.6, 9.0, 0.0], [15.2, 9.0, 0.0], [14.8, 9.0, 0.0], [14.399999999999999, 9.0, 0.0], [14.0, 9.0, 0.0], [13.6, 9.0, 0.0], [13.2, 9.0, 0.0], [12.8, 9.0, 0.0], [12.4, 9.0, 0.0], [12.0, 9.0, 0.0], [11.6, 9.0, 0.0], [11.2, 9.0, 0.0], [10.799999999999999, 9.0, 0.0], [10.4, 9.0, 0.0], [10.0, 9.0, 0.0], [9.6, 9.0, 0.0], [9.2, 9.0, 0.0], [8.799999999999999, 9.0, 0.0], [8.4, 9.0, 0.0], [8.0, 9.0, 0.0], [7.6, 9.0, 0.0], [7.199999999999999, 9.0, 0.0], [6.799999999999999, 9.0, 0.0], [6.399999999999999, 9.0, 0.0], [6.0, 9.0, 0.0], [5.600000000000001, 9.0, 0.0], [5.199999999999999, 9.0, 0.0], [4.800000000000001, 9.0, 0.0], [4.399999999999999, 9.0, 0.0], [4.0, 9.0, 0.0], [3.6000000000000014, 9.0, 0.0], [3.1999999999999993, 9.0, 0.0], [2.8000000000000007, 9.0, 0.0], [2.3999999999999986, 9.0, 0.0], [2.0, 9.0, 0.0], [1.5999999999999979, 9.0, 0.0], [1.2000000000000028, 9.0, 0.0], [0.8000000000000007, 9.0, 0.0], [0.3999999999999986, 9.0, 0.0], [0.0, 9.0, 0.0]]], "crossable": true, "elevation": null, "height": null}, "right": {"type": 0,