{"type": "Roadgraph", "data": {"frame": 2, "curves": {}, "lanes": {"highbay_outer_lane": {"type": 0, "surface": 0, "route_name": "", "left": {"type": 0, "segments": [[[-88.236129, 40.09275451039261, 0.0], [-88.235527, 40.09275451039261, 0.0]]], "crossable": true, "elevation": null, "height": null}, "right": {"type": 0, "segments": [[[-88.236129, 40.092727489607384, 0.0], [-88.235527, 40.092727489607384, 0.0]]], "crossable": true, "elevation": null, "height": null}, "center": null, "begin": null, "end": null}, "highbay_east_u_turn": {"type": 0, "surface": 0, "route_name": "", "left": {"type": 0, "segments": [[[-88.235527, 40.09275451039261, 0.0], [-88.235527, 40.092805489607386, 0.0]]], "crossable": true, "elevation": null, "height": null}, "right": {"type": 0, "segments": [[[-88.235527, 40.09272748960739, 0.0], [-88.235527, 40.092832510392604, 0.0]]], "crossable": true, "elevation": null, "height": null}, "center": null, "begin": null, "end": null}, "highbay_inner_lane": {"type": 0, "surface": 0, "route_name": "", "left": {"type": 0, "segments": [[[-88.235527, 40.092805489607386, 0.0], [-88.236129, 40.092805489607386, 0.0]]], "crossable": true, "elevation": null, "height": null}, "right": {"type": 0, "segments": [[[-88.235527, 40.09283251039261, 0.0], [-88.236129, 40.09283251039261, 0.0]]], "crossable": true, "elevation": null, "height": null}, "center": null, "begin": null, "end": null}, "highbay_west_u_turn": {"type": 0, "surface": 0, "route_name": "", "left": {"type": 0, "segments": [[[-88.236129, 40.092805489607386, 0.0], [-88.236129, 40.09275451039261, 0.0]]], "crossable": true, "elevation": null, "height": null}, "right": {"type": 0, "segments": [[[-88.236129, 40.092832510392604, 0.0], [-88.236129, 40.09272748960739, 0.0]]], "crossable": true, "elevation": null, "height": null}, "center": null, "begin": null, "end": null}}, "regions": {"highbay_parallel_parking_slot_1": {"type": 2, "outline": [[-88.235527, 40.09283251039261], [-88.235527, 40.092855027713625], [-88.236129, 40.092855027713625], [-88.236129, 40.09283251039261]], "crossable": true}}, "signs": {}, "static_obstacles": {}, "connections": []}}