{"intrinsic_matrix": [527.5779418945312, 0.0, 616.2459716796875, 0.0, 527.5779418945312, 359.2155456542969, 0.0, 0.0, 1.0], "height": 720, "width": 1280}